{
	"format_version": "1.12.0",
	"minecraft:geometry": [
		{
			"description": {
				"identifier": "geometry.unknown",
				"texture_width": 16,
				"texture_height": 16,
				"visible_bounds_width": 3,
				"visible_bounds_height": 3.5,
				"visible_bounds_offset": [0, 1.25, 0]
			},
			"bones": [
				{
					"name": "bone",
					"pivot": [0, 0, 0]
				},
				{
					"name": "bone2",
					"parent": "bone",
					"pivot": [0, 30.5, 0],
					"cubes": [
						{
							"origin": [-11, 28, -11],
							"size": [22, 5, 22],
							"uv": {
								"north": {"uv": [5.33333, 6], "uv_size": [6.66667, 1.66667]},
								"east": {"uv": [5.33333, 6], "uv_size": [6.66667, 1.66667]},
								"south": {"uv": [5.33333, 6], "uv_size": [6.66667, 1.66667]},
								"west": {"uv": [5.33333, 5.66667], "uv_size": [6.66667, 2]},
								"up": {"uv": [16, 0.62223], "uv_size": [-8.88889, -0.62223]},
								"down": {"uv": [16, 0], "uv_size": [-8.88889, 0.66667]}
							}
						}
					]
				},
				{
					"name": "bone3",
					"parent": "bone",
					"pivot": [0, 14.5, 0],
					"cubes": [
						{
							"origin": [-11, 12, -11],
							"size": [22, 5, 22],
							"uv": {
								"north": {"uv": [5.33333, 8.66667], "uv_size": [6.66667, 1.66667]},
								"east": {"uv": [5.33333, 8.66667], "uv_size": [6.66667, 1.66667]},
								"south": {"uv": [5.33333, 8.66667], "uv_size": [6.66667, 1.66667]},
								"west": {"uv": [5.33333, 8.66667], "uv_size": [6.66667, 1.66667]},
								"up": {"uv": [15, 2.75556], "uv_size": [-8.88889, 1.33333]},
								"down": {"uv": [14.66667, 1.42222], "uv_size": [-8.88889, 1.77778]}
							}
						}
					]
				},
				{
					"name": "bone4",
					"parent": "bone",
					"pivot": [0, 5.5, 0],
					"cubes": [
						{
							"origin": [-11, 3, -11],
							"size": [22, 5, 22],
							"uv": {
								"north": {"uv": [5.33333, 8.66667], "uv_size": [6.66667, 1.66667]},
								"east": {"uv": [5.33333, 8.66667], "uv_size": [6.66667, 1.66667]},
								"south": {"uv": [5.33333, 8.66667], "uv_size": [6.66667, 1.66667]},
								"west": {"uv": [5.33333, 8.66667], "uv_size": [6.66667, 1.66667]},
								"up": {"uv": [14, 1], "uv_size": [-8, -1]},
								"down": {"uv": [15.66667, 3.35556], "uv_size": [-8.22222, -1.82222]}
							}
						}
					]
				}
			]
		}
	]
}